"Item Name","Quantity","Cost Price","Selling Price","Expected Profit"
"2B Benzyl Benzoate","9","35.00","28.00","-63.00"
"3Fer Syrup","10","0.00","17.00","170.00"
"3p Garlic Mixture","52","41.00","43.00","104.00"
"Aba pa balm","50","10.00","12.00","100.00"
"Aba pa oint","50","10.00","12.00","100.00"
"Abapa Amo Man","10","45.00","45.00","0.00"
"Abapa Amo Woman","10","45.00","45.00","0.00"
"ABAPA CAPS","133","25.00","27.00","266.00"
"ABAPA MIXTURE","91","20.00","22.00","182.00"
"Abicof Syrup (Adult)","10","15.00","0.00","-150.00"
"Abicof Syrup (Junior)","10","15.00","0.00","-150.00"
"Abidec drop","11","105.00","120.00","165.00"
"abondonkoa cream","288","9.00","10.00","288.00"
"Aboniki Balm","437","8.33","10.00","729.79"
"Aboriki ointment","1900","6.50","8.00","2,850.00"
"ABYTONE FORTE CAPS","258","9.69","11.00","337.98"
"Abytone Forte Syr","9","17.00","20.00","27.00"
"Abytone Syrup","66","17.00","20.00","198.00"
"Abytone Tablets","1","4.00","4.00","0.00"
"Abyvita Caps","44","0.00","8.00","352.00"
"Abyvita Syrup","11","17.50","19.00","16.50"
"Abzole tab","40","2.80","3.50","28.00"
"ACTIILIFE CAPS","135","22.00","25.00","405.00"
"Adinkra Herbal Mixture","14","15.00","17.00","28.00"
"Adom Koiplex","10","25.00","25.00","0.00"
"Adom Koo bitters","17","22.00","24.00","34.00"
"Adom Koo Capsules","9","34.00","38.00","36.00"
"ADOM KOO OINT","27","17.00","20.00","81.00"
"Adom W&G Mixture","10","25.00","25.00","0.00"
"adult care cough cold syrup","159","5.50","7.00","238.50"
"Adult Care Night Susp","119","5.50","7.00","178.50"
"Adusa Mixture","10","25.00","25.00","0.00"
"Adutwumwaa Capsules","50","25.00","28.00","150.00"
"Adutwumwaa Herbal Mixture","57","25.00","27.00","114.00"
"ADUTWUMWAAH MALAMIX","30","20.00","23.00","90.00"
"Agbeve tonic","13","22.00","24.00","26.00"
"Agombia Capsules","20","27.00","30.00","60.00"
"AHOMKA HEAT PATCH","100","7.00","8.50","150.00"
"aktif child multivitamine syrup","13","20.00","23.00","39.00"
"akwantuo herbal mix","105","22.00","24.00","210.00"
"akwantuol koo mix","10","22.00","24.00","20.00"
"ALAFIA BITTS","19","19.00","22.00","57.00"
"Albendazole Suspension(Tobinco)","10","10.00","10.00","0.00"
"Aluminium Hydroxide Tablets(Letap)","1300","0.69","0.80","143.00"
"Alusil Plus Suspension","206","3.45","4.50","216.30"
"Alva One Capsules","888","16.00","18.00","1,776.00"
"Alva One Herbal Mixture","1869","16.00","18.00","3,738.00"
"Alvite Tablets","10","20.00","0.00","-200.00"
"amcof adult salom","20","0.00","16.00","320.00"
"amcof baby","18","11.00","14.00","54.00"
"Aminopep syr","9","40.51","44.00","31.41"
"Amitriptylin 25 mg tab","89","6.00","7.00","89.00"
"Amlodipine 10mg(teva)","41","13.80","16.00","90.20"
"AMLONOVA 10MG TAB","71","6.00","8.00","142.00"
"Amodiaquine Syrup","4854","4.00","4.50","2,427.00"
"Amoksiklav 625 tab orlginal","20","45.00","52.00","140.00"
"Amoxacillin 250MG Caps (5K)","450","1.90","2.30","180.00"
"Amoxacillin Caps Letap MMD","335","2.13","2.40","90.45"
"Amoxacillin Capsules(250mg) Letap","2170","1.94","2.40","998.20"
"Amoxacillin Capsules(500mg) Eskay","50","11.00","13.00","100.00"
"Amoxacillin Susp (Letap)","335","3.74","5.00","422.10"
"Amoxacillin125mg susp(luex)","103","12.00","14.00","206.00"
"amoxiclav ing 1.2g","7","0.00","22.00","154.00"
"Amoxiclav 228.5 susp luex","30","24.00","27.00","90.00"
"Amoxiclav 625(Kataclav)","413","28.00","35.00","2,891.00"
"AMOXICLAV SUSP 228.5(MOON PHARMACY)","17","20.00","25.00","85.00"
"amoxiclav susp 457(moon pharmacy)","4","25.00","28.00","12.00"
"AMOXIKLAV 457 orignal","998","0.00","50.00","49,900.00"
"AMPICILINE CAPS (250mg) Letap","125","2.00","2.40","50.00"
"Ampicillin suspension","38","3.51","6.00","94.62"
"Ampiclox Capsules","200","3.45","4.20","150.00"
"Amuzu Garlic Mixture","30","35.00","39.00","120.00"
"Amuzu K Herbal Mixture","2","25.00","25.00","0.00"
"Amuzu Pee mixture","64","32.00","34.00","128.00"
"Anafenac-P","220","0.00","2.00","440.00"
"Anaferrous-Z","120","16.00","18.00","240.00"
"Analin Cough Syrip","10","15.00","0.00","-150.00"
"ANAMOX DROP","10","0.00","40.00","400.00"
"Anatamin Syrup","115","18.80","22.00","368.00"
"Andydol Forte","270","0.00","6.50","1,755.00"
"Andydol Forte caps","200","6.00","6.50","100.00"
"Andyvita Syr 200ml","1017","16.50","18.00","1,525.50"
"Antacid Plus Suspension(luex)","10","25.00","0.00","-250.00"
"Antacid Suspension (Entrance)","10","20.00","0.00","-200.00"
"Antasil Tablets","200","0.00","1.10","220.00"
"ANUSOL OINT","12","0.00","75.00","900.00"
"ANUSOL SUPP","84","6.00","7.00","84.00"
"APC Tablet","130","2.00","2.50","65.00"
"Apetabon Syrup","10","30.00","0.00","-300.00"
"Apetamin Syrup","23","25.00","37.00","276.00"
"Apetatrust syr 100ml","1225","14.90","16.00","1,347.50"
"Apetatrust syr 200ml","41","23.00","26.00","123.00"
"Apetatrust Tablet","93","0.00","9.00","837.00"
"apeti syrup geo","24","27.00","29.00","48.00"
"Apeti Syrup(GML)","78","0.00","28.00","2,184.00"
"AQUATABS TAB","157","4.50","5.50","157.00"
"Arauclav 228.5","48","19.00","22.00","144.00"
"Arauclav 228.5 susp","1","20.00","24.00","4.00"
"Arauclav 625 tab","54","25.00","30.00","270.00"
"Arfan 20/120mg Tablets","642","3.60","4.40","513.60"
"ARFAN SUSP","292","4.41","6.00","464.28"
"arfan80/480","807","4.00","5.00","807.00"
"ARFEN 80/480 TAB","694","4.00","5.00","694.00"
"Artaet Suspension","10","25.00","0.00","-250.00"
"Arthemeter Inj( moon pharmacy)","18","1.50","2.00","9.00"
"Arthemether inj(Roxin Ghana)","1200","1.60","2.20","720.00"
"Artket susp","431","9.00","10.00","431.00"
"Artket Suspension","8","15.00","0.00","-120.00"
"ARTON PARA CAPLETS","14","0.00","5.00","70.00"
"Ascorbic Syrup (Letap)","47","2.96","4.50","72.38"
"ASCORYL SYRUP","30","9.60","11.00","42.00"
"ASCOVITE CEE SYRUP","60","11.80","14.00","132.00"
"Asmanol tablet","8739","1.36","1.60","2,097.36"
"Asnac 100mg caps","0","0.00","0.00","0.00"
"Asnac 75mg caps","44","10.00","15.00","220.00"
"Aspicof baby","27","8.00","10.00","54.00"
"Aspidine Syrup","10","0.00","17.00","170.00"
"Aspitone Syrup","0","14.00","16.00","0.00"
"ASPRIN","3000","0.00","1.50","4,500.00"
"ASTRODOL P TAB","117","6.50","7.50","117.00"
"Astymin-C Drop","10","25.00","0.00","-250.00"
"atorvastastin 10mg tab tava","20","15.80","18.00","44.00"
"Atorvastastin 20mg tab (NOVASTAT)","45","8.00","11.00","135.00"
"atorvastastin 20mg tab tava","9","18.72","25.00","56.52"
"ATS Inj","1405","0.00","8.00","11,240.00"
"atwood bitts","13","90.00","95.00","65.00"
"Auntie Mary Gripe Water","53","19.80","22.00","116.60"
"AYA MOUTHWASH","50","20.00","25.00","250.00"
"AYA ORAL CARE","23","33.00","37.00","92.00"
"AYRTON MULTIVITAMINE SYRUP","113","11.80","13.00","135.60"
"azithromycin tab 500mg (moon pharma)","190","13.00","16.00","570.00"
"B CLAR 500MG TAB","8","39.40","45.00","44.80"
"Baby Cough Linctus","17","10.80","12.00","20.40"
"BABY COUGH LINCTUS (ECL)","111","9.00","12.00","333.00"
"BABYVITE 100ML SYR","10","0.00","16.00","160.00"
"Babyvite Drop","75","23.00","27.00","300.00"
"Babyvite Syr 200ml","22","22.90","26.00","68.20"
"BAD BOY LUBRICANT","96","33.00","35.00","192.00"
"Badruf Cream","297","11.25","13.00","519.75"
"Bafan Herbal Mixture","1","22.00","22.00","0.00"
"base vita plus tab","73","4.00","4.50","36.50"
"Basecold Syrup","10","15.00","0.00","-150.00"
"Basecold Tablets","9","5.30","5.80","4.50"
"Baseline Adult Cougn Syr","49","10.00","12.00","98.00"
"Baseline Jnr Cougn Syr","55","10.00","12.00","110.00"
"Beclogen Cream","169","6.80","8.00","202.80"
"BECOACTIN SYRUP","76","17.00","20.00","228.00"
"BECOACTIN TAB","39","17.00","20.00","117.00"
"Bedikof Baby Syr","65","0.00","12.00","780.00"
"Bedither Forte Tablets","30","0.00","11.00","330.00"
"Bella cough syr 125ml","10","15.10","17.00","19.00"
"Bells Teething Mixture","10","40.00","0.00","-400.00"
"BENDROFLUAZIDE TAB","292","2.00","2.50","146.00"
"benylin syr original","12","0.00","100.00","1,200.00"
"Benzathine Inj troge","231","5.00","7.00","462.00"
"Bestman Capsules","10","25.00","0.00","-250.00"
"bg glutamin plus tab","98","22.95","35.00","1,180.90"
"Bibini Toma Plus","10","33.00","35.00","20.00"
"BIO OIL 125ML","10","98.78","95.00","-37.80"
"Bioglobin Syrup","10","0.00","25.00","250.00"
"Bisacodyl Tablets","1026","1.00","1.40","410.40"
"Boafo Ointment","66","8.00","9.00","66.00"
"BONAPLEX SYRUP","101","48.00","50.00","202.00"
"Bonnisan syrup","50","40.00","43.00","150.00"
"borges oil 125ml","44","42.00","44.00","88.00"
"BP MACHINE","48","0.00","350.00","16,800.00"
"broncholin (sabutamol) syrup","60","4.50","10.00","330.00"
"Broncholin Syrup","104","2.20","4.50","239.20"
"Broncholin Tablet (Letap)","670","0.75","0.90","100.50"
"BX Syrup(100ml)","999","0.00","13.00","12,987.00"
"BX Syrup(200ml)","15","0.00","17.00","255.00"
"C-Pheniramine Syrup","10","15.00","0.00","-150.00"
"CAFALGIN SYRUP","90","10.30","12.00","153.00"
"CAFALGIN TAB","543","1.72","1.90","97.74"
"Cafaprin Tab","800","0.80","1.00","160.00"
"CAFERGOT TAB","5","98.00","110.00","60.00"
"Calamin lotion","56","8.00","10.00","112.00"
"CALAMINE LOTION(ROCKMAN)","14","10.00","12.00","28.00"
"CALAMINE OINT( DANNEX)","13","15.20","17.00","23.40"
"calcium b12 suspension","219","5.00","7.00","438.00"
"Camel Antiseptic 250ml","56","21.60","23.00","78.40"
"Camel Anteseptic 125ml","84","12.16","13.50","112.56"
"CANALEX CLOTRIMAZOL","1000","0.00","8.00","8,000.00"
"CARBAMAZEPIN 200 TAB(PSYCO REMEDIES)","20","8.40","9.00","12.00"
"carbamazepine 200 mg (vega) tab","70","0.00","12.00","840.00"
"Carbocistene Syrup(tobinco)","1","15.00","0.00","-15.00"
"CARFEGOT TAB","5","98.00","130.00","160.00"
"Cartef 20/129mg Tablets","7","10.00","0.00","-70.00"
"CARVDILOL 12.5MG TAB","12","27.80","35.00","86.40"
"Castor oil","12","33.00","36.00","36.00"
"cat 200","1000","3.30","4.00","700.00"
"Cebrotonin tab 800mg","25","220.00","300.00","2,000.00"
"Cedarex Tonic","60","28.00","30.00","120.00"
"CEFTRIAXON (ROXON INJ)","540","5.40","8.00","1,404.00"
"Ceftriaxone inj( GB PHARMA)","118","5.68","8.00","273.76"
"Cefuroxime 500 tab(cefuket)","557","30.00","35.00","2,785.00"
"Cefuroxime susp(cefuket)","341","16.00","19.00","1,023.00"
"celecoxib 200mg tab macleods","18","15.00","18.00","54.00"
"CELECOXIB(EXTER)","81","15.00","17.00","162.00"
"Centone Syrup","22","0.00","19.00","418.00"
"Centone Tablets","194","0.00","4.00","776.00"
"CHARCOL POWDER","40","16.00","18.00","80.00"
"child care ascorbin vitamin c tab","11975","0.25","0.35","1,197.50"
"child care cough cold","175","4.76","6.00","217.00"
"child care ibuprofen suspension","2000","0.00","4.50","9,000.00"
"Child Care Night Rest Susp","104","4.10","6.00","197.60"
"Childcare Brufen Syrup","958","3.50","4.50","958.00"
"Childcare Cough & Cold","155","4.60","6.00","217.00"
"CHILDCARE VITAMINE C SYRUP","48","3.50","4.50","48.00"
"chilly gel big","15","80.00","85.00","75.00"
"CHILLY GEL S/S","27","65.00","70.00","135.00"
"chiloramphenicol suspension letap","60","7.25","9.00","105.00"
"CHLORAMPHENICOL EYE DROP (CHOPE)","40","4.80","6.00","48.00"
"CHLORAMPHENICOL CAPS LETAP","1089","3.10","3.60","544.50"
"chloramphenicol eye drop (Roxin Ghana)","180","5.00","6.00","180.00"
"chloramphenicol eye drop(karen)","0","4.50","6.00","0.00"
"chloramphenicol Eye drop/rogophen","1968","5.00","6.00","1,968.00"
"Chloramphenicol Susp","989","5.66","9.00","3,303.26"
"CHLORDIAZEPOXIDE CAPS/LIBRIUM(LETAP)","420","1.20","1.50","126.00"
"chlorpheniramine 4mg tablets","970","0.25","0.35","97.00"
"chocho cream big","28","15.80","18.00","61.60"
"chocho creme (s/s","59","8.20","9.50","76.70"
"CHOCHO SKIN TONER","1996","0.00","12.00","23,952.00"
"chocho soap","49","8.20","9.50","63.70"
"CIPRO EYE DROP","33","5.00","7.00","66.00"
"Ciprofloxacillin 500mg tab (Moon Pharma)","934","4.50","6.50","1,868.00"
"CIPROFLOXACIN SUSP(XIN A)","30","60.00","65.00","150.00"
"Ciprolex D E/E DROP 10ML","5","28.50","33.00","22.50"
"CIPROLEX EYE OINT","30","22.00","25.00","90.00"
"Ciprolex tab","43","23.00","26.00","129.00"
"CIPROLEX TZ TAB","50","48.00","53.00","250.00"
"Cirotamin Syrup","2","0.00","23.00","46.00"
"Cistocarb 2% Syrup","10","15.00","0.00","-150.00"
"citalopram 10mg","5","14.50","19.00","22.50"
"CITRO C TAB","1240","2.38","2.60","272.80"
"citro- c syrup","128","10.80","13.00","281.60"
"City Blood Tonic","195","29.00","32.00","585.00"
"CITY MULTIVITAMIN DROP","137","24.98","27.00","276.74"
"CLARITHROMYCIN 500MG(MOON PHARMACY)","30","38.00","43.00","150.00"
"CLINDAMYCIN 3OOMG CAPS(ESKAY THERAPEAUTICS)","177","9.80","12.00","389.40"
"Clodol 100mg Tab","50","0.00","2.80","140.00"
"Clodol 50mg Tablet","126","0.00","1.70","214.20"
"Clodol gel","81","8.00","9.00","81.00"
"CLOPIDOGREL 75MG TAB/TORRENT PHARMA","10","28.00","35.00","70.00"
"Cloxacillin Capsules Letap","10","4.00","0.00","-40.00"
"Coa mixture","24","70.00","80.00","240.00"
"COARTEM 80/480 TAB","16","69.00","75.00","96.00"
"cod liver iol sry(blue aid)","16","43.00","47.00","64.00"
"cod liver oil caps","66","3.00","4.00","66.00"
"Cod Voa Cream (Red)","80","0.00","13.00","1,040.00"
"col-col tab","16","6.00","7.00","16.00"
"COLDIRON SYROP","50","20.50","23.00","125.00"
"Coldrid syrup","98","10.20","12.50","225.40"
"Coldrid tabs","726","0.95","1.20","181.50"
"coldrilf syrup","18","10.00","12.00","36.00"
"Coldrilif caps","381","5.76","6.80","396.24"
"colgate chacoal toothpaste","0","13.00","15.00","0.00"
"COLODIUM","3498","0.40","0.60","699.60"
"coludium (ascort pharmacy)","500","1.35","1.80","225.00"
"Comit 100 Orange jelly","822","3.50","3.50","0.00"
"Commit 50","8","20.00","20.00","0.00"
"Contiflo xl tab","12","32.00","37.00","60.00"
"Contra-72 Tablets","200","3.65","4.50","170.00"
"COOL EYES DROP","20","57.00","62.00","100.00"
"Cororange Capsules","10","25.00","0.00","-250.00"
"CORORANGE DROP","46","16.00","19.00","138.00"
"Cororange Syr","2","0.00","23.00","46.00"
"Cotton Wool 20g loose","999","2.50","3.00","499.50"
"COTTON WOOL 100G","74","11.70","13.00","96.20"
"cotton wool 500g (letap)","79","27.00","35.00","632.00"
"Cotton Wool 500g (Moon Pharmacy)","96","0.00","45.00","4,320.00"
"cotton wool 50g","250","6.30","7.50","300.00"
"crep bandage 4inch (white) moon pharmacy","40","5.00","6.00","40.00"
"CREPE BANDAGE 3INCH /ASCOT PHARMACY","302","4.50","6.50","604.00"
"CREPE BANDAGE 4INCH /ASCOT PHARMACY","229","5.40","7.50","480.90"
"CREPE BANDAGE 4INCH/ MOON PHARMACY","128","8.00","10.00","256.00"
"CREPE BANDAGE 6INCH /ASCOT PHARMACY","216","7.20","9.50","496.80"
"CREPE BANDAGE 6INCH(WHITE) MOON PHARMACY","88","7.50","9.00","132.00"
"CREPE BANDAGE 6INCH/ MOON PHARMACY","66","10.00","12.00","132.00"
"Cryprona Syrup(200ml)","10","18.00","0.00","-180.00"
"Crystalline INJ","150","1.80","2.50","105.00"
"cyclogest 400mg pess","45","27.20","35.00","351.00"
"Cyfen Syrup","79","24.00","28.00","316.00"
"Cyfen Tablets","254","2.60","3.50","228.60"
"CYNGLOBIN SYRUP","30","19.00","22.00","90.00"
"Cypep Forte Syrup","10","0.00","42.00","420.00"
"Cypon Syr","10","0.00","17.00","170.00"
"Cyprodine Syr","1000","0.00","105.00","105,000.00"
"Cyprondine Capsules","10","85.00","0.00","-850.00"
"Cypronil Syrup","6","14.00","16.00","12.00"
"Cyproronavit Syrup(200ml)","10","18.00","0.00","-180.00"
"d n s infusion letap","24","9.00","12.00","72.00"
"Dank Gastrocare Mixture","6","0.00","25.00","150.00"
"Dank Phytocare Herbal Mixture","21","20.00","22.00","42.00"
"Dank Procare Herbal Mixture","4","22.00","22.00","0.00"
"Dank Xtrock","17","20.00","22.00","34.00"
"Daud 360 Capsules","49","26.00","28.00","98.00"
"day by day oint s/s","1000","6.60","8.00","1,400.00"
"DAY BY DAY OITN","994","0.00","11.00","10,934.00"
"DC MOL","990","0.00","3.50","3,465.00"
"Delay Man Capsules","15","20.00","22.00","30.00"
"Dermiron Plus cream","169","5.20","7.00","304.20"
"DEWORM 500 TAB","400","4.50","5.50","400.00"
"DEXA","999","0.00","55.00","54,945.00"
"Dexone Tablet (Letap)","331","2.50","3.00","165.50"
"Dexorange Syr","19","39.50","42.00","47.50"
"Diamond Condom","1137","0.00","0.96","1,091.52"
"diazepam 10mg tab","7910","0.40","0.50","791.00"
"Diazepam 5mg","4798","0.00","0.40","1,919.20"
"DICLO DANK TAB 100MG","50","29.90","33.00","155.00"
"Diclo inj (clodol inj)","764","0.90","1.50","458.40"
"Diclo inj (Ronfenac inj)","1789","0.95","1.30","626.15"
"Diclo Supp(rufenac)","80","11.00","13.00","160.00"
"Diclofenac 100mg tab (Pokupharma)","669","3.36","3.90","361.26"
"Diclofenac 50mg Capsules(Ernest Chemist)","19","1.80","1.80","0.00"
"Diclofenac 50mg Capsules(Pokupharma)","10","3.50","0.00","-35.00"
"Diclokin Tablet","10","7.00","0.00","-70.00"
"Dicloles supp","230","1.80","2.10","69.00"
"Diclolex Plus TAB","540","10.00","12.00","1,080.00"
"Diclolex power heat gel","74","11.00","13.00","148.00"
"Diclolex- 100mg Tablets","614","0.00","3.00","1,842.00"
"DICLONOVA GEL","15","5.00","7.00","30.00"
"Dicnac 100mg Tabs","0","0.00","3.00","0.00"
"Dicnac SR 75mg Capsules (Tobinco)","10","15.00","0.00","-150.00"
"DICNAC SUPP 100MG","304","10.20","12.00","547.20"
"Dipex Capsules","1079","3.58","4.00","453.18"
"Dipoosin Cream","10","10.00","0.00","-100.00"
"DIPROSON LOTION","24","6.50","7.50","24.00"
"DITHRANOL OINT","40","14.96","16.00","41.60"
"divine h mix","5","28.00","30.00","10.00"
"DNS Inf 500ml","22","9.00","12.00","66.00"
"Dolonol Tablet","10","4.00","0.00","-40.00"
"Doloplus Tablets","200","2.50","2.80","60.00"
"Dolotab Tablet","170","2.75","3.00","42.50"
"donac herbal mix","47","22.00","25.00","141.00"
"DORETA TAB 37.5/325MG","15","100.00","110.00","150.00"
"doxycycline caps letap","692","1.80","3.00","830.40"
"dr cote,d voir green","54","11.80","12.50","37.80"
"dr cote,d voir red","741","12.50","14.00","1,111.50"
"DRAGON SPRAY","88","39.00","45.00","528.00"
"Drez oint 10g","7","24.00","26.00","14.00"
"drez oint 30g","25","35.00","37.00","50.00"
"Drez powder","46","21.71","24.00","105.34"
"drez solution 100ml","36","40.71","44.00","118.44"
"drez solution 30ml","10","23.60","25.00","14.00"
"Durol Syrup (200ml)","36","18.27","20.00","62.28"
"Durol Tonic 300ml","25","24.86","26.00","28.50"
"Dwomo Herbal Mixture(Big)","86","20.00","22.00","172.00"
"Dwomo Herbal Mixture(Small)","8","11.00","11.00","0.00"
"Dwomoh Capsules","78","22.00","22.00","0.00"
"Dymol Tablets","10","15.00","0.00","-150.00"
"Dynewell Syrup","718","6.10","7.00","646.20"
"Dynewell Tablets","488","0.33","0.40","34.16"
"E-Man Capsules","6","30.00","30.00","0.00"
"E-Panol Syrup","8","10.00","12.00","16.00"
"Ear drop/rogophen","4970","5.00","6.00","4,970.00"
"EARNEST OINT","350","7.00","8.50","525.00"
"Ebony Condom","143","5.00","6.50","214.50"
"Ebony Plus Condom","10","10.00","0.00","-100.00"
"EFICEF 200 TAB(CEFIXIME )","20","19.00","25.00","120.00"
"Efpac Junior Syrup","27","11.90","14.00","56.70"
"EFPAC TAB","869","2.15","2.34","165.11"
"Ekuro Bewu","136","0.00","2.50","340.00"
"Emgi Lintus Adult","10","15.00","0.00","-150.00"
"emgiclinda300mg caps","187","7.82","12.00","781.66"
"Emgikof Lozenges","149","0.00","4.50","670.50"
"Enafen Syrup(ernest chemist)","65","10.80","13.00","143.00"
"ENAMYCIN SUSP","30","17.80","22.00","126.00"
"ENOXAPARIN SODIUM INJ(VEGE UK)","10","85.00","95.00","100.00"
"Entra.5 Herbal Mixture","986","20.00","22.00","1,972.00"
"Entralyn Syrup (Baby)","10","15.00","0.00","-150.00"
"Entrance Antacid Susp","54","14.50","17.00","135.00"
"Epanol Syr 100ml","85","0.00","12.00","1,020.00"
"Ephedrine Nasal drop(aspee)","216","5.00","7.00","432.00"
"EPICROM 4% DROP","10","45.00","48.00","30.00"
"Epiderm 15G","26","5.51","6.50","25.74"
"Epiderm 30G","61","8.00","9.50","91.50"
"EPSON SALT","2550","1.00","1.20","510.00"
"ERNEST ANTISEPTIC M/W","37","12.80","15.00","81.40"
"Ernest Teething Mixture","20","12.50","15.00","50.00"
"ERTROKIN(ERTHROMACINE) TAB 250MG","50","8.60","11.00","120.00"
"ESKAGYL DS TAB 400MG","500","1.90","2.50","300.00"
"Eskaron Capsules","997","10.00","0.00","-9,970.00"
"Eskaron Syr","57","12.00","15.00","171.00"
"Eskypan Caps","80","10.00","7.00","-240.00"
"Eskyzole Cream","150","10.30","12.00","255.00"
"Etisala Capsules","8","10.00","0.00","-80.00"
"Etisala Syr","4","0.00","30.00","120.00"
"Eusol Lotion (Klire)","50","0.00","10.00","500.00"
"EVECARE CAPS","13","92.50","105.00","162.50"
"EXAFLOX INJ","20","13.80","18.00","84.00"
"Exodus Dandelion Capsules","10","115.00","115.00","0.00"
"Exodus Moringa Capsules","10","115.00","115.00","0.00"
"Expect SED (PPL)","23","5.00","5.00","0.00"
"expect sed solution(Adanseman)","83","3.80","5.00","99.60"
"Expect SED(Rockmer)","10","10.00","0.00","-100.00"
"EYECOPEN CAPS","10","57.59","65.00","74.10"
"Ezipen Tablets","109","3.63","4.00","40.33"
"FAC (Adanseman pharmarcy)","188","4.50","5.50","188.00"
"FAC Suspension(Rockmer)","10","10.00","0.00","-100.00"
"FAC(PPL)","10","10.00","0.00","-100.00"
"fama cold tab","2870","0.00","1.20","3,444.00"
"Fascam Capsules","90","0.00","3.00","270.00"
"father martin h mix","6","15.00","17.00","12.00"
"Felvin caps 20","1930","1.10","1.30","386.00"
"Fenbase Extra TAB","550","4.57","5.00","236.50"
"Ferofix Capsules","10","15.00","0.00","-150.00"
"feroglobin caps","10","75.50","85.00","95.00"
"feroglobin syrup","10","78.00","86.00","80.00"
"Ferolex Syrup","10","45.00","0.00","-450.00"
"Ferrocler Syrup(200ml)","8","0.00","42.00","336.00"
"Ferrodex Syrup","40","14.82","16.00","47.20"
"FERROFANT BABY DROP","18","45.00","50.00","90.00"
"Ferrofix Syrup","9","15.00","0.00","-135.00"
"FERROGLOBIN SYRUP","40","76.63","82.00","214.80"
"Ferrolex Syr","10","0.00","42.00","420.00"
"FERROLIFE SYRUP","25","23.40","28.00","115.00"
"Ferromed Syr","11","9.80","13.00","35.20"
"ferrous sulphate tab (letap)","620","0.56","0.80","148.80"
"Fewash","18","0.00","25.00","450.00"
"FINE FINE HERBAL","34","32.00","35.00","102.00"
"FINE LIFE TONIC","115","13.00","15.00","230.00"
"FINESTERIDE 5MG TAB","12","42.00","50.00","96.00"
"Fishermans Friends","10","18.00","0.00","-180.00"
"flexon 600 herbal mix","22","25.00","30.00","110.00"
"Fluclox susp (ESKAY)","60","9.50","12.00","150.00"
"Flucloxacillin Capsules (500MG) Ernest","124","14.00","16.00","248.00"
"Flucloxacillin Capsules Letap","485","2.80","3.50","339.50"
"Flucloxacillin Susp( Letap)","371","4.74","6.00","467.46"
"FLUCONAZOLE 150MG CAP(NEFLUCON)","391","3.10","4.00","351.90"
"fluconazole 150mg(Moniflu)","40","2.50","3.00","20.00"
"FLUCORON 200 CAP","318","2.50","3.50","318.00"
"FLUOXETINE 20MG TAB","5","19.80","24.00","21.00"
"FLUXACIN 500MG CAPS","100","14.00","16.00","200.00"
"FLUXAMOX 500MG CAPS","100","14.00","16.00","200.00"
"FLUXAMOX SUSP","60","25.80","28.00","132.00"
"Folic Acid (Shalom Pharmacy)","1113","0.40","0.50","111.30"
"FOLIC ACID TAB (ERNEST CHEMIST)","2850","0.34","0.50","456.00"
"FOLIC ACID TAB /LETAP","1245","0.18","0.25","87.15"
"Foligrow Plus Syrup","10","50.00","0.00","-500.00"
"Foligrow Syrup (200ml)","148","31.50","36.00","666.00"
"Foligrow Syrup (Junior)","10","25.00","0.00","-250.00"
"Foligrow Tab","32","0.00","28.00","896.00"
"foliron blood tonic","112","6.40","8.00","179.20"
"Foliron Syrup","89","6.40","8.00","142.40"
"Foliron Zinc Tab","143","0.00","2.00","286.00"
"Folivite Syrup","10","0.00","38.00","380.00"
"Fresh Herbal Mixture","1","35.00","0.00","-35.00"
"FUMET","275","0.00","7.00","1,925.00"
"Funbact A Cream","44","9.50","10.50","44.00"
"FUROSEMIDE 20MG LETAB","1950","0.00","0.90","1,755.00"
"FUROSEMIDE 20MG TAB (IPCA)","30","8.90","12.00","93.00"
"FUROSEMIDE 20MG TAB(EXETER)","20","14.00","17.00","60.00"
"furosemide tab 20mg crecent","2","8.45","12.00","7.10"
"G.V Paint 60ml (Adenseman)","10","3.00","0.00","-30.00"
"Gastro Mixture","1","24.00","26.00","2.00"
"Gastrone plain suspension","22","26.80","29.00","48.40"
"Gastrone plus suspension","28","29.80","32.00","61.60"
"GAUZE BANDAGE 6INCH /ASCOT PHARMACY","930","2.25","2.90","604.50"
"gauze pack","97","25.00","28.00","291.00"
"Gaviscon doubel action susp","7","114.59","130.00","107.87"
"Gbedemah caps","1","0.00","0.00","0.00"
"Gebedol Extra","170","42.90","4.80","-6,477.00"
"Gebedol Plus","270","2.90","3.50","162.00"
"Gebedol Tablets","972","2.54","2.91","359.64"
"Genecure","6","20.00","20.00","0.00"
"Gentamycin Inj (Eskay)","0","0.90","1.50","0.00"
"Gentamycin INJ (TROGE)","180","1.48","1.60","21.60"
"GENTAMYCINE DROP(GENDA)","52","4.80","6.00","62.40"
"gentian violet","630","1.90","2.50","378.00"
"Gifas Herbal Mixture","76","27.00","29.00","152.00"
"Gifas P Capsules","21","29.00","29.00","0.00"
"GIVEN SET (INFUSION SET)","50","5.20","7.00","90.00"
"Givers Herbal Mixture","57","28.00","30.00","114.00"
"Givers Koo Capsules","10","52.00","54.00","20.00"
"Givers P Capsules","14","52.00","54.00","28.00"
"glibenil 5mg tab","150","0.80","1.30","75.00"
"GLIMPER 4MG TAB","50","14.00","17.00","150.00"
"Glo Power Syrup","48","25.30","27.00","81.60"
"glocose test strips (on call sure)","10","150.00","170.00","200.00"
"Glodol gel","150","8.00","9.00","150.00"
"Glopain Tablets","6","2.00","2.50","3.00"
"Glopex Syrup","10","25.00","0.00","-250.00"
"GLOPOWER SYRUP","297","0.00","29.00","8,613.00"
"Glopower Tablets","28","15.60","18.00","67.20"
"glucose meter(on call sure)","4","120.00","150.00","120.00"
"Glucose orange","22","7.00","9.00","44.00"
"glucose test strip(on call sure)","10","150.00","170.00","200.00"
"Glucose white (Letap)","77","7.00","9.00","154.00"
"GLYCERINE PURE small","1000","9.60","12.00","2,400.00"
"Gml apete tab","215","3.00","3.50","107.50"
"Go Cough Syrup","150","6.80","9.00","330.00"
"Godic Herbal Mixture","10","20.00","0.00","-200.00"
"GOGYNAX CREAM","52","8.90","11.00","109.20"
"Gogynax TAB","100","6.33","8.00","167.00"
"Good Morning Herbal Mixture","10","25.00","0.00","-250.00"
"GREEN TEA 300mg","192","4.00","4.50","96.00"
"green tea","239","3.30","4.00","167.30"
"griseofulvin susp letap","169","7.80","10.00","371.80"
"Grison Syrup(yellow&orange)","93","20.00","23.00","279.00"
"Groffyn Tonic","621","17.00","19.00","1,242.00"
"Guaze bandage 4inch","161","0.00","2.00","322.00"
"Gudapet Syrup","57","15.80","19.00","182.40"
"Gudapet Tablets","10","20.00","0.00","-200.00"
"GV PAINT (ROKMER PHARMACY)","193","2.50","3.00","96.50"
"GV PAINT(ADANSEMAN)","359","2.50","3.30","287.20"
"Gvither Plus 20/120 Tab","50","0.00","5.00","250.00"
"Gyae Su","10","18.00","18.00","0.00"
"Gyno mycolex 400MG PESS","34","44.00","47.00","102.00"
"Gyprone Plus Syrup","109","18.00","22.00","436.00"
"Gyprone Plus Tablets","710","4.60","5.40","568.00"
"Hac- capsules","3","32.00","35.00","9.00"
"Hac-car Mixture","1","32.00","35.00","3.00"
"HAEMATOVITE SYRUP","48","10.00","13.00","144.00"
"Haemo Forte Syrup","55","41.60","44.00","132.00"
"Haemoglobin Syrup (Ayrton)","10","0.00","14.00","140.00"
"Haemoglobin Syrup(Letap)","203","5.70","7.00","263.90"
"Haemoglobin Syrup(M&G)","93","0.00","14.00","1,302.00"
"HaemUp Syr","10","0.00","45.00","450.00"
"Hallo Mixture","10","22.00","22.00","0.00"
"Hand Gloves (Bold)","3170","0.45","0.50","158.50"
"Happyrona Forte Syrup","996","0.00","17.00","16,932.00"
"happyrona forte syrup 100ml","12","9.00","11.00","24.00"
"HAPPYRONA FORTE SYRUP 60ml","1981","0.00","8.00","15,848.00"
"HAPPYRONA FORTE TABLET","400","3.50","4.00","200.00"
"heamoglobin letap","333","5.90","7.00","366.30"
"heamoglobin (arton)","13","11.00","14.00","39.00"
"HEAMOGLOBIN(M&G)","42","8.40","11.00","109.20"
"Hepa Plus Capsules","10","19.00","19.00","0.00"
"Hepa Plus Mixture","9","17.00","19.00","18.00"
"HEPTOLIF SYRUP 200ML","97","17.50","20.00","242.50"
"heptolif syrup 30ml","103","0.00","3.00","309.00"
"HEPTOLIF TAB","41","1.97","2.50","21.73"
"HEPTOPEP SRY","50","39.00","42.00","150.00"
"herbasoul cream","165","18.00","20.00","330.00"
"HERBLOZ LOZENZES","3000","0.00","120.00","360,000.00"
"HI LADY WASH","111","30.00","33.00","333.00"
"Histazine Syrup","63","0.00","10.00","630.00"
"Honocomol tab","96","2.20","2.40","19.20"
"honocovita tab","234","3.50","3.80","70.20"
"Huichun Capsules","10","50.00","50.00","0.00"
"hydralazine 50mg tab","4","98.80","110.00","44.80"
"hydrocortison cream (Roxin Ghana)","243","5.25","7.00","425.25"
"Hydrogen 125ml(PPL)","10","8.00","0.00","-80.00"
"Hydrogen 200ml(Adenseman)","206","4.50","5.50","206.00"
"Hydrogen 200ml(Ernest Chemist)","63","9.80","12.00","138.60"
"Hydrogen Phersons 125ml","64","5.00","6.00","64.00"
"HYOSCINE BUTYL BROMID TAB(ESKYPAN)","25","6.00","7.00","25.00"
"hyoscine butyl bromide ing","60","3.50","4.50","60.00"
"HYOSCINE BUTYL BROMIDE TAB(BUSCOMED)","70","5.50","7.00","105.00"
"HYOSCINE BUTYL TAB(HYBUCIN)","97","6.00","7.00","97.00"
"HYPROFIC TAB","12","120.00","140.00","240.00"
"Ibucap Capsules","15","3.80","4.25","6.75"
"Ibucap Tablets","115","3.85","4.25","46.00"
"Ibuglo Capsules","105","5.80","6.50","73.50"
"Ibuprofen 400 Tablet(Eskay)","10","3.00","0.00","-30.00"
"Ibuprofen 400 Tablet(Letap)","1032","0.00","1.30","1,341.60"
"IBUPROFEN SYRUP 100ML(TRADE WINE)","36","9.00","11.00","72.00"
"Imboost Herbal Mixture","980","22.00","24.00","1,960.00"
"INDAPAMIDE/CARDIDE TAB","5","30.80","37.00","31.00"
"INDOCID CAPS","1345","0.70","0.90","269.00"
"Iomeg Syrup","10","20.00","0.00","-200.00"
"IPC Drop","46","12.60","14.00","64.40"
"Itraconazole 100mg cpas","30","32.00","38.00","180.00"
"j k tone syrup","25","17.00","19.00","50.00"
"Jarifan 2 caps","48","19.06","23.00","189.12"
"Jarifan-2 Syrup","58","22.50","26.00","203.00"
"Jarvin caps","140","2.50","3.00","70.00"
"Jeditone Syrup","10","20.00","0.00","-200.00"
"Jet 2 Inhaler","510","16.00","17.00","510.00"
"Jet 2 Syr Adult","10","0.00","35.00","350.00"
"JET INHERLAR","204","5.00","6.50","306.00"
"Jet-2 Lozenges","10","2.50","0.00","-25.00"
"JK Tone Syr","4","0.00","19.00","76.00"
"Jovanny lozenge","1025","0.40","0.53","133.25"
"joy ointment s /s","64","7.50","8.00","32.00"
"joy ont1o","1","0.00","8.00","8.00"
"K-Vita Plus Syr","70","20.00","22.00","140.00"
"K.Vita Plus Syrup","10","30.00","0.00","-300.00"
"Kabewe","2","18.00","18.00","0.00"
"Kafacid Suspension","10","15.00","0.00","-150.00"
"Kafcold syrup","12","8.00","9.00","12.00"
"Kafcough Adult","10","8.00","9.00","10.00"
"Kalamina lotion","12","28.00","30.00","24.00"
"Kandimix Herbal Mixture","15","25.00","27.00","30.00"
"Kanisa Herbal Mixture","6","25.00","0.00","-150.00"
"Kanisah Capsules","10","25.00","0.00","-250.00"
"Kanisah Herbal Mixture","7","25.00","0.00","-175.00"
"Kankam Koo Mixture","10","25.00","25.00","0.00"
"Kankam tystop","25","23.00","25.00","50.00"
"KAREN CHLORAMPHENICOL EYE DROP","411","4.30","6.00","698.70"
"karen mouth wash mint 250ml","41","27.00","32.00","205.00"
"Ketazol Cream","49","20.32","23.00","131.32"
"ketoconazole 200mg tab","35","16.00","20.00","140.00"
"KETOCONAZOLE CREAM(ERNEST CHEMIST)","40","6.80","8.00","48.00"
"Keuron Srup","10","12.00","0.00","-120.00"
"kidivitie syrup 200 ml","11","21.60","24.00","26.40"
"KIDOFEN SYRUP","40","9.00","11.00","80.00"
"Kidvite Syrup(200ml)","10","25.00","0.00","-250.00"
"Kinafen Express Capsules","9","7.00","0.00","-63.00"
"KINAGEN SYRUP","44","5.00","6.50","66.00"
"Kindervite Syr","24","7.00","9.00","48.00"
"Kingdom Garlic Bitters","122","36.00","38.00","244.00"
"KINGDOM GARLIC CAPS","17","43.00","46.00","51.00"
"KINGDOM GINSENG POWER CAPS","17","36.00","39.00","51.00"
"KINGDOM KOO CAPS","36","36.00","39.00","108.00"
"Kintablets Kin Tab","10","40.00","40.00","0.00"
"Kiss Condom","175","5.00","6.00","175.00"
"KLARO EYE DROP","50","10.80","14.00","160.00"
"Klire Tablet","10","10.00","0.00","-100.00"
"Klovinal Passeries","193","32.40","40.00","1,466.80"
"KOFFEX ADULT SYRUP","154","12.49","14.00","232.54"
"Kofof Adult syrup","72","12.50","14.50","144.00"
"Kofof Baby cough syrup","53","13.00","15.00","106.00"
"Kofof Family chesty cough syr","998","0.00","17.00","16,966.00"
"kongo cream","932","11.00","13.00","1,864.00"
"Kristen Tablets","6510","7.00","1.00","-39,060.00"
"KUMACLA 1000MG","150","35.00","40.00","750.00"
"Kumadada","20","2.00","2.50","10.00"
"KUTIEKID SYR","171","18.00","22.00","684.00"
"Kwaso Cough","10","17.00","17.00","0.00"
"Kwasu Koo Herbal Mixture","112","15.00","17.00","224.00"
"Kwasu Ulcer Herbal Mixture","20","15.00","17.00","40.00"
"KWICK ACTION TAB","1919","1.33","1.50","326.23"
"Laclose Solution","30","52.58","57.00","132.60"
"LADINAS TAB","42","10.00","12.00","84.00"
"lakesea cod liver oil","15","13.00","15.00","30.00"
"lancets(eazy touch)","7","20.00","40.00","140.00"
"laud balm","671","7.50","8.50","671.00"
"Laviflam 125 para supp","567","1.00","1.20","113.40"
"laviflam 125 supp(para supp)","772","1.20","1.40","154.40"
"LAVINA C 75MG CAPS","200","4.50","6.00","300.00"
"lavl cv 457 (ds)suspension","36","25.00","28.00","108.00"
"law care h mix","0","20.00","22.00","0.00"
"lawson herbal mixt","27","0.00","20.00","540.00"
"Leena Capsules","52","6.30","7.50","62.40"
"Leena Syrup","134","16.61","18.00","186.26"
"Leopard Balm","55","17.23","19.00","97.35"
"LETACAM CAPS","911","0.80","1.00","182.20"
"Letafen Susp","174","2.90","4.50","278.40"
"Letafen Tab","1117","1.01","1.30","323.93"
"Letalin Cough Syrup","634","3.10","4.50","887.60"
"Letamox 500 Tablets","2299","0.75","1.00","574.75"
"Letamox Suspension","62","0.00","4.50","279.00"
"Letaplex B Syrup","94","2.80","4.00","112.80"
"Letaron Syrup","170","5.75","8.00","382.50"
"Letavin 125mg Letap","1401","1.89","2.20","434.31"
"Letavin 500mg Letap","290","6.85","8.00","333.50"
"Letavin susp","135","8.00","10.00","270.00"
"Letavit Syrup","107","3.20","4.50","139.10"
"LEVOFLOXACIN 500MG TAB(SKY BRIDGE PHARMACY)","10","34.60","40.00","54.00"
"Levon 2 Intimate Wash (big)","70","0.00","48.00","3,360.00"
"Levon 2 Intimate Wash (small)","63","0.00","28.00","1,764.00"
"Levon 2 Tablets","157","0.00","13.00","2,041.00"
"LEVOTHYROXINE 50MG","10","22.80","27.00","42.00"
"LEXSPORIN CREAM","5","0.00","58.00","290.00"
"LEXSPORIN POWDER","10","0.00","58.00","580.00"
"LIDOCAIN GEL","3","16.60","20.00","10.20"
"LIDOCAIN INJ","17","7.00","10.00","51.00"
"linctus adult dannex","53","9.41","11.00","84.27"
"linctus junion dannex","58","9.00","11.00","116.00"
"Linkof Syrup (Baby)","10","15.00","0.00","-150.00"
"Lintus Syrup (Junior)","23","9.50","12.00","57.50"
"lisinopril 5mg tab tava","20","10.85","12.00","23.00"
"LISINOVA 10MG TAB","72","7.20","9.00","129.60"
"LISINOVA HTZ TAB","98","14.00","18.00","392.00"
"LIV 52 TAB","4","83.00","90.00","28.00"
"LIVERPLEX B 100ml","50","0.00","22.00","1,100.00"
"Liverplex B Syrup(200ml)","30","0.00","29.00","870.00"
"Lofnac Gel","671","9.00","11.00","1,342.00"
"Lofnac Balm","0","0.00","0.00","0.00"
"Lofnac 100mg Tablets","10","4.00","0.00","-40.00"
"Lonart DS 80/480mg Tablets","371","26.10","30.00","1,446.90"
"Lonart Suspension","124","18.90","22.00","384.40"
"LOPERAMIDE SYRUP","20","35.00","40.00","100.00"
"Loratidine tab","20","18.98","24.00","100.40"
"losartan 50mg (LTP)","259","7.00","10.00","777.00"
"Lucky Bitters","28","28.00","30.00","56.00"
"Lucky Herbal Mixture","29","28.00","30.00","58.00"
"Lucky V-Care","77","28.00","30.00","154.00"
"luex childrens chesty cough syrup","15","30.00","35.00","75.00"
"Lufart 20/120mg Tablets","10","15.00","0.00","-150.00"
"Lufart DS 80/480mg Tablets","1827","22.50","25.00","4,567.50"
"Lufart Syrup","481","19.00","22.00","1,443.00"
"LUZATIL 20/120 TAB","120","9.00","10.50","180.00"
"LY MPHSHAMEI CAPS","92","6.00","8.00","184.00"
"Lycofib Syrup","10","35.00","0.00","-350.00"
"Lydia Postpill","3760","15.00","16.50","5,640.00"
"m&b tab","6","5.50","7.00","9.00"
"M2 TONE TAB","15","93.00","105.00","180.00"
"Maame DaabmogOintment","32","11.00","12.00","32.00"
"MADAM CATHERINE","257","0.00","18.00","4,626.00"
"mademeho balm","351","7.00","8.00","351.00"
"Mademeho Caps","43","20.00","22.00","86.00"
"Mademeho Herbal Capsules","71","22.00","22.00","0.00"
"Mademeho Koo Capsules","119","20.00","22.00","238.00"
"mademeho oint","601","7.00","8.00","601.00"
"Mademeho Onuado Capsules","128","20.00","22.00","256.00"
"Mademeho Woadinim","88","20.00","22.00","176.00"
"MAESTRO NASAL DROP","100","5.00","7.00","200.00"
"Magacid Suspension","95","16.00","17.00","95.00"
"Magacid Tablets","4842","1.50","1.80","1,452.60"
"Magnavit Capsules","80","16.53","18.00","117.60"
"Mahay Herbal Mixture","61","15.00","17.00","122.00"
"Major Nasal Drop","100","16.80","19.00","220.00"
"mala tysph mix","11","22.00","25.00","33.00"
"Mala-2 DS 80/480mg Tablets","60","19.80","23.00","192.00"
"Malar-2 Suspension","42","25.00","21.00","-168.00"
"Malaria test (LEGEND)","145","7.00","7.50","72.50"
"MALARIA TEST KIT/FIRST VIEW","150","2.00","3.00","150.00"
"Malluart Suspension","53","0.00","9.00","477.00"
"Malufen 480/80mg Tab","260","0.00","18.00","4,680.00"
"Manforce Condom","148","4.50","5.00","74.00"
"Martin Liver Salt","17","0.65","0.80","2.55"
"masada h mixture","26","22.00","24.00","52.00"
"Max Mox 500mg caps","146","11.50","13.00","219.00"
"Maxmox Susp","60","0.00","12.00","720.00"
"Mebenda 500 Tablets","10","5.00","0.00","-50.00"
"Meberona tab","770","1.25","1.70","346.50"
"Medfagen Capsules","8","20.00","20.00","0.00"
"mensoplas Miture","964","24.00","26.00","1,928.00"
"Menstak tabs","8","4.50","6.00","12.00"
"MENTAT SYRUP","5","63.00","70.00","35.00"
"MENTHODEX","498","0.00","32.00","15,936.00"
"Menthodex (Small Size)","8","30.00","33.00","24.00"
"MENTHOX JUR","192","8.00","10.00","384.00"
"Menthox Lozenges","125","0.80","1.00","25.00"
"Menthox Syrup (Adult)","225","10.22","12.00","400.50"
"mercy creme m/s","10","14.00","16.00","20.00"
"mercy creme big","10","40.00","45.00","50.00"
"mercy creme s/s","51","6.60","7.50","45.90"
"MERIVITA CPAS","188","7.20","8.00","150.40"
"Merivita Syrup","10","20.00","0.00","-200.00"
"Merpac Tablet","10","6.00","0.00","-60.00"
"Mervit Plus Capsules","10","7.00","0.00","-70.00"
"METFORMIN 500MG TAB (ENAPHAGE )","590","1.60","1.80","118.00"
"METFORMIN 500MG DANK TAB","100","12.80","15.00","220.00"
"METHYLDOPA 250MG TAB","100","11.80","13.00","120.00"
"metoclopramide 100mg tab","17","0.00","20.00","340.00"
"Metroniazole Susp (Letap)","986","3.75","5.00","1,232.50"
"Metronidazole Tablets (200mg) Letap","2852","0.56","0.70","399.28"
"Metronidazole Tablets (400mg) A-EFAH","395","0.00","2.50","987.50"
"Mighty Power Herbal Mixture(small)","1","22.00","22.00","0.00"
"Mighty Power Mixture (Big)","0","28.00","28.00","0.00"
"MILK OF MAGNESIA (letap)","989","0.00","4.50","4,450.50"
"Milk of Magnesia (Starwin)","96","17.00","19.00","192.00"
"Milk of magsiah 360ml","12","40.00","43.00","36.00"
"Mimovite Syr","10","0.00","22.00","220.00"
"Mimovite Tablets","10","15.00","0.00","-150.00"
"Minamino Syr","5","0.00","98.00","490.00"
"Minas Liver Salt","646","1.11","1.40","187.34"
"mist senna- co","97","3.80","5.00","116.40"
"mist ( f a c )ferromas","150","3.80","5.00","180.00"
"MIST PO CIT","968","0.00","5.00","4,840.00"
"MIXACOL SYRUP","30","10.80","13.00","66.00"
"Mixtab Tablets","255","1.30","1.60","76.50"
"MMT Suspension(Adenseman)","239","4.50","5.50","239.00"
"MMTSuspension (PPL)","10","10.00","0.00","-100.00"
"MONOPACE ORG TAB","3","114.80","135.00","60.60"
"MOSQUITO REPELLENT","1996","0.00","8.00","15,968.00"
"Movit Plus Syrup","19","13.00","15.00","38.00"
"Mr Q","440","8.00","10.00","880.00"
"Mucolex Adult 150ml syr","20","28.50","33.00","90.00"
"muitivitamin tab letap","1980","0.28","0.35","138.60"
"MULLUART SUSP","27","0.00","9.00","243.00"
"Multinova Syrup","10","15.00","0.00","-150.00"
"multivitamine syrup (aspee pharmacy)","0","7.00","9.00","0.00"
"multivitamine syrup (ernest chermist)","1","10.00","12.00","2.00"
"multivitamine syrup(baselin pharmacy)","55","10.00","12.00","110.00"
"Multivitamine Tablets (Letap)","6110","0.28","0.35","427.70"
"Mupirolex oint","5","38.00","43.00","25.00"
"My Baby Syrup","58","6.80","9.00","127.60"
"Mycolex 3 Cream","100","28.50","32.00","350.00"
"Mycolex Cream","36","24.00","24.00","0.00"
"MYCOSTAT 150MG","661","12.00","13.00","661.00"
"Mycotrin 2%","10","20.00","0.00","-200.00"
"n s infajion letap","24","9.00","12.00","72.00"
"N TAB","44","0.00","2.70","118.80"
"Nah Fevamix","12","22.00","22.00","0.00"
"nah gonomix","40","15.00","17.00","80.00"
"nah herbalmix","17","20.00","22.00","34.00"
"nah ibomix","50","23.00","25.00","100.00"
"nah powder","15","18.00","20.00","30.00"
"nahak multivatamine syrup","980","10.50","12.00","1,470.00"
"Naprosyn EC TAB/ORG/","5","90.00","10.00","-400.00"
"NAPROX EC PLAIN TAB","50","11.80","15.00","160.00"
"Naprox EC tab","50","14.80","18.00","160.00"
"Nazo Cream","266","2.33","3.00","178.22"
"Nba cream","20","8.00","9.00","20.00"
"Neo hycolex E/E drop","54","40.00","45.00","270.00"
"NEOCORT DROP","50","46.00","50.00","200.00"
"Neoferon Syr","30","0.00","45.00","1,350.00"
"NERVE&BONE LINIMENT","5","28.00","32.00","20.00"
"Nesmoset soap","50","15.00","18.00","150.00"
"Nesprodine Syr","82","29.80","33.00","262.40"
"Nesterix Syr","10","0.00","28.00","280.00"
"NEURO MIN PLUS TAB","100","33.20","38.00","480.00"
"Nexcofer Capsules","47","13.50","16.00","117.50"
"Nexcofer Syrup(200ml)","42","23.80","26.00","92.40"
"Nexterix Syrup","8","0.00","28.00","224.00"
"Nhyira Honey","80","46.00","50.00","320.00"
"Nifecard xl 30MG","19","53.00","60.00","133.00"
"Nifedipin 20mg tab(skydipin)","335","1.80","2.20","134.00"
"NIFEDIPIN 20MG(TOBINCO)","390","2.40","3.00","234.00"
"Nifedipine 30mg (skydipin)","500","5.00","4.00","-500.00"
"NIFEMED XL 30MG","100","25.00","30.00","500.00"
"Nissiworm Suspension","10","5.00","0.00","-50.00"
"NITROFURANTOIN 50MG CAPS","5","86.00","100.00","70.00"
"NKAMOL SYRUP","50","7.50","8.50","50.00"
"NO 10","850","500.00","1.50","-423,725.00"
"No spa 40mg tab","20","16.00","22.00","120.00"
"No.1o Liver Salt","139","1.36","1.50","19.46"
"NOSTAMINE DROP","10","0.00","38.00","380.00"
"Novacold Tablets","10","2.00","0.00","-20.00"
"NOVOLINDA SOLUTION","10","58.00","65.00","70.00"
"NS INFU","18","0.00","11.00","198.00"
"Nugel O Suspension","26","47.60","50.00","62.40"
"Nugel Suspension","20","45.00","47.00","40.00"
"NURODOL ICE GELL","100","6.30","8.00","170.00"
"Nutriday Syrup","10","15.00","0.00","-150.00"
"Nya Nkwa Oyei","1526","6.00","7.00","1,526.00"
"obaapa oint","847","8.50","10.00","1,270.50"
"Obofo Herbal Mixture","0","20.00","0.00","0.00"
"Octid Tab","370","5.00","5.50","185.00"
"Odymin Capsules","105","7.04","8.50","153.30"
"Odymin Syrup","68","16.30","19.00","183.60"
"ODYYNE CAPS (VEGA UK)","20","50.00","55.00","100.00"
"OFORMIN TAB (METFORMIN 500MG)","1440","1.40","1.80","576.00"
"Olanzepine 10mg tab","10","40.00","45.00","50.00"
"OLIVE OIL BELLS","13","31.50","34.00","32.50"
"Omega Oil","183","0.00","19.00","3,477.00"
"Omegon Syrup","10","25.00","0.00","-250.00"
"Omeprazole 20mg (Ronzol caps)","740","2.10","3.00","666.00"
"Omeprazole 20mg tab(mesec)","247","7.50","10.00","617.50"
"omeprazole caps 20mg (letap)","84","1.25","2.00","63.00"
"Omintimirim Herbal Mixture","14","25.00","27.00","28.00"
"Onidol Tablet","0","1.80","2.00","0.00"
"Onita Syrup","10","15.00","0.00","-150.00"
"Opadic Caps","755","3.50","4.00","377.50"
"ora plus","7","6.00","7.00","7.00"
"ORS (ERNEST CHEMIST)","97","1.52","1.72","19.40"
"ors dannex plain","558","1.20","1.40","111.60"
"ORS orange dannex","989","0.00","1.48","1,463.72"
"ORS PLAIN (PHYTO)","1870","1.14","1.45","579.70"
"ORTHOCARE CAPS","12","120.00","140.00","240.00"
"ORTHOCARE GEL","47","24.00","27.00","141.00"
"osteocalcin tab","9","0.00","35.00","315.00"
"OSTEOCARE SYR U","13","72.00","80.00","104.00"
"OSTEOCARE SYRUP (INDIA)","40","25.30","30.00","188.00"
"Osteocare Syrup(India)","10","40.00","0.00","-400.00"
"OTRIVIN NASAL DROP( ADULT)","10","63.79","68.00","42.10"
"OTRIVIN NASAL DROP( CHLID)","10","59.31","65.00","56.90"
"Otwea powder","375","8.00","9.00","375.00"
"Oxafen","10","0.00","4.00","40.00"
"Oxytetracycline Caps","1315","0.96","1.20","315.60"
"OZIN SYRUP","56","6.00","7.50","84.00"
"OZZY OMEGA 3 FISH OIL","54","28.00","55.00","1,458.00"
"P0t Cit solution(pherson)","50","6.50","8.00","75.00"
"P2 LEVONORGESTREL","3000","0.00","5.50","16,500.00"
"Paingay Caps","23","0.00","7.00","161.00"
"Painoff Tablet","2925","0.80","1.00","585.00"
"Pakum Capsules","7","23.00","23.00","0.00"
"Panacin tablet","70","0.00","2.50","175.00"
"paper envelop","134","3.00","5.00","268.00"
"paper envelop/samall","77","8.00","12.00","308.00"
"para supp 125mg(troge)","200","0.60","1.00","80.00"
"para supp 250mg","24","11.00","13.00","48.00"
"Paracetamol Riddles","811","0.00","0.85","689.35"
"paracetamol syrup(baseline0","123","6.50","8.00","184.50"
"paracetamol Syrup(letap)","466","3.10","4.50","652.40"
"Paracetamol tab Uk(exeter)","60","3.20","3.50","18.00"
"Paracetamol Tablets (Eskay)","3688","0.75","0.85","368.80"
"Paracetamol Tablets (Letap)","4295","0.56","0.65","386.55"
"Parafenac Tablet","0","3.00","3.50","0.00"
"Paralex-D","80","0.00","6.00","480.00"
"paramed syrup 100ml","42","0.00","7.00","294.00"
"Paramol Syrup","10","10.00","0.00","-100.00"
"Paratop Tablet","108","0.00","3.50","378.00"
"Pavi Capsules","10","19.00","19.00","0.00"
"Pavi Mixture","14","17.00","19.00","28.00"
"Pawafenac Capsules","10","4.00","0.00","-40.00"
"Pedol Tablet","574","0.00","3.20","1,836.80"
"Peladol cold & cough","400","0.00","0.90","360.00"
"peladol extra forte caps","20","4.50","5.00","10.00"
"Peladol Extra Tablets","634","2.35","2.50","95.10"
"penicillin oint","12","6.00","8.00","24.00"
"Penicillin v tablet (MMD)","1000","1.56","1.60","40.00"
"Penicillin V Tablets Letap","1980","1.28","1.50","435.60"
"PERFECTIL ORG TAB","10","105.00","130.00","250.00"
"PHENOBARBITONE 30MG","175","1.40","1.80","70.00"
"PHLEBODIA 600MG TAB","10","166.30","180.00","137.00"
"PHOPAIN SYRUP","60","11.50","13.00","90.00"
"Phopain Tablet","50","1.50","1.50","0.00"
"PICRON FORTE CSPS","1150","2.36","2.80","506.00"
"Picron Spray","22","0.00","25.00","550.00"
"PILS GLO APS","6","14.00","16.00","12.00"
"Piroxicam Mazacam","18","2.16","2.50","6.12"
"Plasmox Capsules","10","19.00","19.00","0.00"
"Plasmox Herbal Mixture","12","17.00","19.00","24.00"
"plaster loose(ascort pharmacy)","2895","0.18","0.25","202.65"
"PMF CLASSIC","12","30.00","40.00","120.00"
"PMF YELLOW","9","30.00","33.00","27.00"
"Pocupain Tablet","10","5.00","0.00","-50.00"
"Pofakof Baby Syr","1","9.50","12.00","2.50"
"pofakof junior syr","10","0.00","12.00","120.00"
"poget h mix","120","15.00","18.00","360.00"
"Polyfer Capsules","160","7.50","8.50","160.00"
"Polyfer Syrup 200ml","12","13.20","14.00","9.60"
"Polyfer Syrup(100ml)","80","0.00","3.00","240.00"
"Polygel 200ml Suspension","10","20.00","0.00","-200.00"
"Postinor 2 Tablets","359","1.80","2.50","251.30"
"POT CIT (PPL)","26","6.50","8.00","39.00"
"POT CIT SOLTION(ADANSEMAN PH)","185","4.50","5.50","185.00"
"potasium nit","38","7.00","8.00","38.00"
"Precare Prekese Powder","10","42.00","44.00","20.00"
"Predisoline Tablets Letap","2485","0.77","0.90","323.05"
"Pregabaline 75mg (S-GALIN)","44","35.00","15.00","-880.00"
"pregnancare conception tab vitabiotics","5","140.25","170.00","148.75"
"PREGNANCARE ORG TAB","20","109.00","125.00","320.00"
"Pregnancy Test (Evecare)","558","2.00","2.50","279.00"
"PREGNANCY TEST KIT(LETAP)","1100","1.80","2.40","660.00"
"PREMICOL CAPS","5","182.00","195.00","65.00"
"procaine inj letap","173","3.50","5.00","259.50"
"procaine inj troge","180","6.60","8.00","252.00"
"procam caps","52","5.00","6.00","52.00"
"PROCOLD TAB","200","8.90","10.50","320.00"
"PROLIFE VITAMIN C","2000","0.00","35.00","70,000.00"
"Promecine Syrup","10","8.00","0.00","-80.00"
"Promethazine Syrup(ernest chemist)","990","9.00","11.00","1,980.00"
"promethezine tab","90","1.80","2.50","63.00"
"Prosluv Capsules","10","35.00","0.00","-350.00"
"Prostavite Capsules","24","36.00","38.00","48.00"
"PROWOMAN PLUS TAB","5","145.00","160.00","75.00"
"Proxicam Capsules(Global)","40","3.50","2.00","-60.00"
"Pure Cod Liver Oil(AYRTON)","14","100.00","110.00","140.00"
"Pylirona Tablets","10","17.00","17.00","0.00"
"Quinine Syrup(100ML)(ASPEE PHARMACY)","88","8.00","10.00","176.00"
"Quinine Syrup(60ML)","10","8.00","0.00","-80.00"
"RAPINOL TAB","1900","0.96","1.12","304.00"
"Redsun Capsules","426","13.80","15.00","511.20"
"Redsun condom","1678","2.50","3.50","1,678.00"
"Redsun Gelly","257","8.00","10.00","514.00"
"reedy vitamin c soluble","59","0.00","40.00","2,360.00"
"REEDY CALCIUM SOLUBEL","72","39.98","42.00","145.44"
"reedy multivitamin","96","0.00","40.00","3,840.00"
"reedy vitamin c with zinc","128","0.00","45.00","5,760.00"
"Reform Capsules","10","25.00","25.00","0.00"
"Reform Mixture","5","25.00","25.00","0.00"
"Remedol Tablet","1636","1.50","1.50","0.00"
"Res Q Syr","31","16.15","18.00","57.35"
"Res Q Tablets","274","8.00","8.00","0.00"
"Rescofer Syr","10","0.00","32.00","320.00"
"Restooth m wash","131","14.40","17.00","340.60"
"Rexcofer Syrup","10","45.00","0.00","-450.00"
"RHIZIN SYRUP","96","5.00","6.50","144.00"
"RHIZIN TAB","1202","1.30","1.50","240.40"
"Riddles Adult Cough Syr","180","11.50","13.00","270.00"
"Riddles Baby Cough Syr","116","0.00","12.00","1,392.00"
"RIDDLES JUNIOR SYRUP","120","10.90","12.00","132.00"
"RIMA DS","997","0.00","8.00","7,976.00"
"RIMA PLUS","1000","0.00","15.00","15,000.00"
"RITAFENAC TAB","260","0.00","1.30","338.00"
"Rizy Cream","10","15.00","0.00","-150.00"
"RL INFU","9","0.00","11.00","99.00"
"Robb inhaler","71","2.91","3.50","41.89"
"Robb oint 3.5ml","604","1.03","1.20","102.68"
"Robb Original Oint (23ml)","171","6.50","7.80","222.30"
"rocephin lg iv","3","0.00","18.00","54.00"
"Rockcare Garlic Herbal Mixture","10","25.00","0.00","-250.00"
"Romex Adult","20","15.00","0.00","-300.00"
"Romex Baby","44","0.00","14.00","616.00"
"Romex Chesty","10","15.00","0.00","-150.00"
"Ronabru Forte Tablets","80","3.00","3.00","0.00"
"Ronabru Max Caps","520","0.00","2.00","1,040.00"
"Ronaconda balm","209","5.50","7.00","313.50"
"Ronadol tab","462","1.36","1.70","157.08"
"Ronadol-C Syrup","10","10.00","0.00","-100.00"
"Ronadyne Plus 200ml","10","18.00","0.00","-180.00"
"Ronak bco'c caps","186","8.00","9.00","186.00"
"Ronak herbal Inhaler","206","1.83","2.50","138.02"
"Ronak Inhaler (2in1)","10","8.00","0.00","-80.00"
"Ronak Lozenges","3140","0.00","0.30","942.00"
"Ronakton Forte Capsules","378","5.40","7.50","793.80"
"Ronaktone Forte Syurup(200ml)","6","0.00","19.00","114.00"
"RONAMAN SPRAY","188","18.00","25.00","1,316.00"
"Ronamol C syr","191","3.00","5.00","382.00"
"Ronamol Plus Tablet","956","1.50","2.00","478.00"
"Ronamol tab","1020","1.35","1.70","357.00"
"Ronantra Forte Capsules","10","5.00","0.00","-50.00"
"Ronanutra Forte Syrup(200ml)","10","18.00","0.00","-180.00"
"RONANUTRA FORTE TAB","391","3.50","4.00","195.50"
"Ronaparmax Tablet","10","4.00","0.00","-40.00"
"Ronaxicam Capsules","25","0.00","2.00","50.00"
"Ronfit cold caps","710","5.05","6.00","674.50"
"Ronfit Cold Tablets","6","2.00","0.00","-12.00"
"Ronfit Extra","52","1.80","2.20","20.80"
"RONFIT EXTRA TTAB","600","1.82","2.20","228.00"
"RONFIT FORTE CAPS","1260","4.99","5.50","642.60"
"Ronfit kid syr","90","15.30","18.00","243.00"
"Ronfit Max","120","0.00","5.50","660.00"
"Ronfit paingel","285","5.75","7.00","356.25"
"Ronfit plus tab","1130","1.62","2.00","429.40"
"Ronfit Triple Action","135","5.75","7.00","168.75"
"Ronluz-100 Tablet","141","2.34","2.80","64.86"
"ronsunate 120mg iv/ im","40","0.00","18.00","720.00"
"Ronvit Extra Syrup","10","18.00","0.00","-180.00"
"Ronvit Extra Tablets","10","5.00","0.00","-50.00"
"Ronvit Forte Syrup(200ml)","10","18.00","0.00","-180.00"
"Ronvit Forte Tablets","10","5.00","0.00","-50.00"
"Ronvit Kid syr","86","15.30","19.00","318.20"
"Ronvit Multivite Syrup(200ml)","10","18.00","0.00","-180.00"
"Rooter Herbal Mixture","15","31.00","34.00","45.00"
"Rooter Tytonic","996","38.00","38.00","0.00"
"Rosons Forte Capsules","10","4.00","0.00","-40.00"
"ROX CLAV 457 USP","193","7.00","9.00","386.00"
"ROX-CLAV DS 457","1995","0.00","15.00","29,925.00"
"Roxacid Forte 200ml","10","15.00","0.00","-150.00"
"Roxidol Extra Tablet","10","7.00","0.00","-70.00"
"Roxidol Tablet","10","3.30","3.60","3.00"
"Roxin balm","214","5.50","7.00","321.00"
"Roxin Herbal Inhaler","625","0.00","2.50","1,562.50"
"Royaltem Suspension","10","25.00","0.00","-250.00"
"Rubber Envelop","2997","0.00","15.00","44,955.00"
"RUBBER ENVELOP S/S (MOON PHARMACY)","100","9.00","10.00","100.00"
"RUBBER ENVELOPE B/S","116","13.00","15.00","232.00"
"RUBBER ENVELOPE S/S","237","5.00","7.00","474.00"
"S PREB TAB","10","58.00","65.00","70.00"
"Sabutalin Syrup(ECL)","10","0.00","16.00","160.00"
"salbutamol inh(salbutis)","132","40.00","45.00","660.00"
"SALICYLIC ACID","300","0.00","14.00","4,200.00"
"Salo Apeti Syrup","52","0.00","23.00","1,196.00"
"Salo Extra Tablets","50","3.00","3.50","25.00"
"Salo-Fulvin Syrup","36","21.00","22.00","36.00"
"samalin lozenges","1","4.40","6.00","1.60"
"Samalin Syrup (Adult)","134","11.90","14.00","281.40"
"Samalin Syrup Non Drowsy","140","14.73","16.00","177.80"
"Samalin Syrup(Junior)","140","11.90","14.00","294.00"
"sana Nasal Drops","1159","4.50","6.00","1,738.50"
"sana Nasal Drops 10ml","1184","4.50","6.00","1,776.00"
"SAVLON S/S","22","0.00","27.00","594.00"
"secnidazole tab","96","9.00","11.00","192.00"
"seco ointent","30","9.00","10.00","30.00"
"Seco Angecare","10","30.00","30.00","0.00"
"Seco Gyica Herbal Mixture","46","30.00","35.00","230.00"
"Secure tab","2578","4.40","5.50","2,835.80"
"Sennaco (PPL)","10","10.00","0.00","-100.00"
"Sennaco(Adenseman)","284","4.50","5.50","284.00"
"Sennaco(Rockmer)","10","10.00","0.00","-100.00"
"SENSODYNE PASTE","24","46.65","50.00","80.40"
"Septrin Susp Letap","236","3.80","5.00","283.20"
"Septrin Tablets (200mg) Letap","196","1.28","1.60","62.72"
"SEQUICLO 100MG TAB","1890","1.50","1.80","567.00"
"Sequizol 400 Tablets","2266","1.16","1.35","430.54"
"SEQUIZOLE SUSP","301","3.00","4.00","301.00"
"Sermens Capsules","8","42.00","45.00","24.00"
"Sermens Mixture","44","42.00","45.00","132.00"
"Seven Seas Cod Liver Oil","10","85.00","0.00","-850.00"
"SHALCIP TZ TAB","500","11.80","15.00","1,600.00"
"shaltoux (lozenges)","1000","0.42","0.47","50.00"
"SIBI MAN CAPS","17","22.00","25.00","51.00"
"SIBI SOAP","40","22.00","25.00","120.00"
"SILYBEAM COMP","5","285.00","300.00","75.00"
"simple linctus paediatric propharm 100ml","55","0.00","11.00","605.00"
"simple linctus adult propharm","16","9.00","11.00","32.00"
"SIRDULUD 2MG TAB","60","27.00","30.00","180.00"
"SIVODERM","5","11.50","12.50","5.00"
"SIX AM SOLUTION","190","4.60","6.00","266.00"
"Skylax Solution","10","25.00","0.00","-250.00"
"SM Bitters","22","50.00","60.00","220.00"
"socomol extra tab","470","4.00","4.20","94.00"
"Socomol Tablet","546","2.00","2.25","136.50"
"Sofo Yeboah Herbal Mixture(Malaria)","10","15.00","17.00","20.00"
"Sofo Yeboah Herbal Mixture(Ulcer)","30","15.00","17.00","60.00"
"Solak Mixture","15","21.00","23.00","30.00"
"Soldier Balm","18","8.33","9.50","21.06"
"Sopadic Capsules","588","3.00","3.50","294.00"
"Spanish cold fly","196","15.00","18.00","588.00"
"Sparnish Garlic Bitters","16","30.00","32.00","32.00"
"Sparnish Garlic Capsules","20","45.00","47.00","40.00"
"spirit (60ml)","285","2.90","3.50","171.00"
"Spirit 200ml(Ernest Chemist)","10","25.00","0.00","-250.00"
"Spirit 200ml(PPL)","10","10.00","0.00","-100.00"
"Spirit 500ml(PPL)","10","25.00","0.00","-250.00"
"Spirit 60ml(Adenseman)","280","3.50","4.50","280.00"
"Spirit 60ml(Rockmer)","10","5.00","0.00","-50.00"
"spirono lactone 50 /e. c. l./","9","0.00","40.00","360.00"
"SPIRONOLOCTON 25MG TAB","10","25.00","30.00","50.00"
"SPIRONOLOCTON 50MG TAB","12","36.00","40.00","48.00"
"Stomacaine Syrup","9","0.00","38.00","342.00"
"stopkof adult","79","15.80","17.00","94.80"
"Stopkof Expectorant(Children)","42","0.00","16.00","672.00"
"streptomycin ing /troge/","40","0.00","4.00","160.00"
"strobin lozenges","1924","2.40","2.77","711.88"
"SULPHUR OINT DANEX","40","12.83","14.00","46.80"
"Suma Active Syrup","10","20.00","0.00","-200.00"
"Sumo active syrup","44","14.89","17.00","92.84"
"Sumo active tab","332","2.36","2.80","146.08"
"Sumo Active Tablets","5","4.00","0.00","-20.00"
"super Apeti plus syrup","0","0.00","26.00","0.00"
"Super Apeti Tab","594","3.86","4.50","380.16"
"syphilis test strip","250","3.60","5.00","350.00"
"syring&needel 10cc (moon pharmacy)","860","0.70","1.00","258.00"
"syring&needel 2cc(moon pharmacy)","2290","0.50","0.60","229.00"
"syring&needel 5cc(yellow&orange)","1790","0.50","0.65","268.50"
"syringe & needel 2ml dispomisd","200","0.65","1.00","70.00"
"Sytamogen 100ml","45","0.00","65.00","2,925.00"
"Taabea Capsules","6","20.00","20.00","0.00"
"Taabea Herbal Mixture","173","22.50","24.00","259.50"
"Tabucap Capsules","745","2.36","2.60","178.80"
"TABUFEN SYR (IBRUFEN)","118","10.14","12.00","219.48"
"TADARICH TAB 20MG","5","16.00","20.00","20.00"
"taddy gel","33","6.00","8.00","66.00"
"TAMSOLOSIN 400MG TAB(EXETER PHARMACY","7","39.30","47.00","53.90"
"Tanzol 400 Tablets","136","1.70","2.00","40.80"
"Tanzol Suspension","117","3.55","4.50","111.15"
"Teedar Syrup","138","14.38","16.00","223.56"
"TEFOLAV TAB","10","108.00","125.00","170.00"
"Testing","30","10.00","20.00","300.00"
"tetra eye oint(lavina)","222","5.80","7.00","266.40"
"THIAMINE TAB","100","9.20","12.00","280.00"
"Thorntina 74","12","65.00","70.00","60.00"
"Time Herbal Mixture","9","25.00","27.00","18.00"
"Tinatett Venecare","10","44.00","46.00","20.00"
"Today Intimate Wash","80","0.00","25.00","2,000.00"
"Tonkyi Caps","134","25.00","28.00","402.00"
"topilon cream","140","6.00","8.00","280.00"
"Toptabs","80","6.45","7.50","84.00"
"TOT'HEMA SYRUP","390","6.25","7.00","292.50"
"Tothema","0","0.00","0.00","0.00"
"tracam","80","5.00","6.00","80.00"
"Trafan tab","2150","2.90","3.50","1,290.00"
"Trafit Forte Tablet","10","7.00","0.00","-70.00"
"trampiron caps","885","2.50","3.00","442.50"
"Travaron Syrup (Adult)","10","15.00","0.00","-150.00"
"Trazol 500 Tablets","75","3.30","3.30","0.00"
"TREMENDOUS CAPSULES","5","36.00","39.00","15.00"
"Tres Orix Syrup (Small Size)","15","24.00","26.00","30.00"
"Tres Orix Syrup(Big Size)","13","0.00","50.00","650.00"
"Trihepta Tablets","10","3.00","0.00","-30.00"
"Trilex Cream 30g","217","0.00","13.00","2,821.00"
"trisilcate mixture","346","3.80","5.00","415.20"
"trustzole 400mg tab","20","6.00","7.00","20.00"
"Tymen 400 Tablets","10","3.00","0.00","-30.00"
"typhoid test 1gm","125","6.80","10.00","400.00"
"ulcal jack","2","45.00","48.00","6.00"
"Ulciron Suspension","10","20.00","0.00","-200.00"
"UNCLE JACK SYRUP","15","50.00","55.00","75.00"
"VAGACIID ANTACID SUSP","20","35.50","38.00","50.00"
"Vaginas cream","72","7.89","11.00","223.92"
"Vaginas pess","96","4.63","7.00","227.52"
"VALUE PACK FOLIC ACID TAB","28","18.00","25.00","196.00"
"VASeline","25","30.00","33.00","75.00"
"VEGACID ANTACID SUSP","20","35.50","38.00","50.00"
"VEGACID O ANTACID SUSP","20","38.50","42.00","70.00"
"VEGATEM 20/120MG SUSP","19","225.00","28.00","-3,743.00"
"VEGATEM 20/120MG TAB","20","20.50","24.00","70.00"
"VERMOX SUSP","10","47.39","52.00","46.10"
"VERMOX TAB 500MG","236","17.50","19.70","519.20"
"Victory Garlic Mixture","62","37.00","39.00","124.00"
"Vigoris forte Tablets","12","9.00","9.00","0.00"
"Vigorix Forte Syrup","10","20.00","23.00","30.00"
"Vikil-20","29","28.00","30.00","58.00"
"VIROL TONIC 200ML","69","18.25","21.00","189.75"
"Viscof","0","0.00","32.00","0.00"
"viscof d syrup","25","30.35","33.00","66.25"
"Viscof-S Syrup","20","30.35","33.00","53.00"
"VIT B DANK","90","33.00","37.00","360.00"
"VIT E 400IU CAPS","10","52.00","60.00","80.00"
"vita apeti syr 100ml","108","10.80","14.00","345.60"
"Vita Apeti Syr 200ml","46","27.00","30.00","138.00"
"VITA RICH 100ML","462","7.00","8.50","693.00"
"VITA RICH SYR 200ML","198","11.00","14.00","594.00"
"Vitaforce Syr","8","0.00","60.00","480.00"
"Vitamin B Complex Tablets (Letap)","8045","0.25","0.35","804.50"
"Vitamin B Denk","50","31.17","35.00","191.50"
"VITAMIN C SOLUBLE MIVOLIS","988","0.00","35.00","34,580.00"
"vitamin c tab (letap)","931","0.45","0.55","93.10"
"VITAMIN D3 DROP","70","18.00","22.00","280.00"
"vitamin kl ing","140","9.00","12.00","420.00"
"vitamine b syrup(baseline pharmacy)","10","7.50","9.00","15.00"
"Vitamon Syr","10","0.00","25.00","250.00"
"Vitamoon plus syrup","17","21.60","24.00","40.80"
"Vitapower Syr","49","0.00","30.00","1,470.00"
"Vitaron-Z Syr","40","14.00","16.00","80.00"
"Vitaronak C2 Syrup","6","10.00","0.00","-60.00"
"Vitaronak Syrup","10","10.00","10.00","0.00"
"Vitaven Tablets (Luex)","10","25.00","25.00","0.00"
"Vitavon Syr","122","14.00","16.00","244.00"
"Viteferon Syrup","10","15.00","0.00","-150.00"
"Vitferon Capsules","10","15.00","0.00","-150.00"
"Vitferon Syr","43","14.00","16.00","86.00"
"VITRON Z SYR","95","12.00","14.00","190.00"
"VIVACHEK TEST STRIP","500","5.20","6.00","400.00"
"water for inj (letep)","3426","0.40","0.60","685.20"
"WELLMEN","9","0.00","150.00","1,350.00"
"WELLWOMAN CAPS ORG","20","135.00","160.00","500.00"
"wellwoman max","10","240.00","270.00","300.00"
"WELLWOMAN PLUS","10","157.00","180.00","230.00"
"Wormalex Tablets","2960","3.00","3.00","0.00"
"Wormbase Suspension","8","4.00","4.00","0.00"
"Wormbat 400 Tablets","1044","0.00","3.75","3,915.00"
"WORMBAT SUSP","90","7.00","8.50","135.00"
"wormplex tab","34","13.00","14.50","51.00"
"Wormron 400 Tablets","575","0.00","0.60","345.00"
"Wormron Suspension","668","2.36","3.50","761.52"
"xalapa 500 (cefuroxime tab)","87","28.00","35.00","609.00"
"Xferon Capsules","10","17.00","20.00","30.00"
"Xferon Syr","1","0.00","20.00","20.00"
"XFeron Syrup","17","17.00","20.00","51.00"
"XFERON SYRUP 150ML","60","7.30","10.00","162.00"
"Yaakson Mixture","66","20.00","22.00","132.00"
"yodi tab","4650","0.70","1.00","1,395.00"
"yovanny inhalre","942","3.80","4.50","659.40"
"Z 400 SUPS","89","4.20","5.50","115.70"
"Z 400 TAB","400","1.90","2.50","240.00"
"Z.400 Suspension","10","6.00","6.00","0.00"
"Z.400 Tablets","10","2.50","2.50","0.00"
"Zahara Gee Capsules","10","25.00","25.00","0.00"
"Zahara Mixture","-21","23.00","25.00","-42.00"
"Zairora Tablet","777","2.70","3.00","233.10"
"ZAZAN ODOURLESS GARLIC CAPS","24","32.10","38.00","141.60"
"Zecarb Adult Syr","28","0.00","11.00","308.00"
"Zecarb Junior Syr","45","0.00","11.00","495.00"
"ZENTEL TAB","10","14.00","16.00","20.00"
"ZENTOKID DROP","10","79.00","85.00","60.00"
"Zerocid Plus Suspension","10","25.00","25.00","0.00"
"Zerocid Suspension","119","10.50","13.00","297.50"
"ZET 200 Tablets","107","4.00","4.00","0.00"
"Zet. Worm Suspension","10","9.00","9.00","0.00"
"ZINC OXIDE PLASTER ROLL (FOUR INCH)","90","29.00","31.00","180.00"
"ZINC OXIDE PLASTER ROLL (ONE INCH)","180","8.00","10.00","360.00"
"ZINC OXIDE PLASTER ROLL (TWO INCH)","90","15.50","17.00","135.00"
"Zinc tab 20mg","383","0.70","1.00","114.90"
"Zincofer Syrup","24","42.10","44.00","45.60"
"ZINCOMIN F SYRUP","25","22.50","27.00","112.50"
"Zincovit Drop","25","21.34","24.00","66.50"
"Zincovit Syrup","25","38.99","42.00","75.25"
"Zincovit Tablets","17","44.50","49.00","76.50"
"Zinnat 500mg","5","141.00","170.00","145.00"
"Zinol Syrup","13","11.00","13.00","26.00"
"ZINOLTAB","685","1.40","1.80","274.00"
"zintab 10mg","420","0.40","0.60","84.00"
"Zipferon Forte Syr","6","13.00","15.00","12.00"
"Zubes Child Syrup","33","17.83","20.00","71.61"
"zubes expectorant 125ml","12","0.00","22.00","264.00"
"ZUBES EXTRA STRONG EXTRA STRONG SYRUP","57","27.63","31.00","192.09"
"zubes tabs","1215","1.40","1.60","243.00"
"ZUDREX TAB","148","6.00","6.50","74.00"
"Zulu 100mg Tablets","2238","7.00","7.50","1,119.00"
"Zulu Extra Tab","335","7.00","7.50","167.50"
"Zulu Mr Tablets","30","10.00","11.00","30.00"
"Zulu Plus Tab","1530","6.00","6.50","765.00"
"zyfen 120mg tab","7","38.00","50.00","84.00"
"ZYMAX 250MG TAB","30","16.00","19.00","90.00"
"Zymax 500mg tab","50","22.80","27.00","210.00"
"Zymax SUSP","1995","22.50","28.00","10,972.50"
"Grand Total","391613","2,087,456.71","2,956,628.04","869,171.33"